epoch,train_loss,reg_loss,focal_loss,tversky_loss,val_loss,best_val,u10_l1_csi,u10_l3_csi,z500_l1_csi,event_weight,learning_rate,improved
1,0.4178,0.3862,0.1062,0.4121,0.3439,0.3439,0.539,0.248,0.826,0.10,3.33e-4,true
2,0.3870,0.3579,0.1049,0.3678,0.3311,0.3311,0.558,0.264,0.826,0.10,5.00e-4,true
3,0.3775,0.3494,0.1042,0.3511,0.3170,0.3170,0.552,0.249,0.826,0.10,5.00e-4,true
4,0.4704,0.3353,0.1009,0.3381,0.3088,0.3088,0.563,0.277,0.825,0.50,4.99e-4,true
5,0.4614,0.3307,0.0981,0.3259,0.3059,0.3059,0.568,0.265,0.825,0.50,4.95e-4,true
6,0.4557,0.3284,0.0955,0.3176,0.3043,0.3043,0.568,0.296,0.826,0.50,4.89e-4,true
7,0.4510,0.3268,0.0930,0.3100,0.3031,0.3031,0.573,0.301,0.828,0.50,4.81e-4,true
8,0.4471,0.3256,0.0909,0.3036,0.3026,0.3026,0.575,0.298,0.831,0.50,4.70e-4,true
9,0.4438,0.3241,0.0901,0.2978,0.3013,0.3013,0.578,0.307,0.832,0.50,4.58e-4,true
10,0.4419,0.3231,0.0897,0.2953,0.2999,0.2999,0.575,0.303,0.836,0.50,4.43e-4,true
11,0.4400,0.3218,0.0894,0.2930,0.2993,0.2993,0.575,0.293,0.832,0.50,4.27e-4,true
12,0.4379,0.3205,0.0888,0.2913,0.2992,0.2992,0.571,0.303,0.832,0.50,4.09e-4,true
13,0.4365,0.3197,0.0884,0.2896,0.2992,0.2992,0.576,0.288,0.842,0.50,3.89e-4,true
14,0.4351,0.3188,0.0881,0.2887,0.2985,0.2985,0.575,0.303,0.836,0.50,3.68e-4,true
15,0.4339,0.3181,0.0878,0.2870,0.2989,0.2985,0.569,0.290,0.832,0.50,3.46e-4,false
16,0.4330,0.3177,0.0871,0.2860,0.2984,0.2984,0.577,0.314,0.837,0.50,3.23e-4,true
17,0.4318,0.3169,0.0868,0.2851,0.2987,0.2984,0.574,0.301,0.836,0.50,2.99e-4,false
18,0.4310,0.3165,0.0868,0.2841,0.2991,0.2984,0.569,0.285,0.836,0.50,2.75e-4,false
19,0.4298,0.3156,0.0863,0.2834,0.2988,0.2984,0.575,0.313,0.837,0.50,2.50e-4,false
20,0.4289,0.3152,0.0859,0.2820,0.2987,0.2984,0.577,0.314,0.834,0.50,2.25e-4,false
21,0.4280,0.3148,0.0854,0.2811,0.2994,0.2984,0.574,0.315,0.833,0.50,2.01e-4,false
22,0.4274,0.3144,0.0854,0.2803,0.2985,0.2984,0.576,0.305,0.838,0.50,1.77e-4,false
23,0.4266,0.3139,0.0850,0.2800,0.2987,0.2984,0.576,0.309,0.836,0.50,1.54e-4,false
24,0.4257,0.3135,0.0848,0.2784,0.2985,0.2984,0.575,0.305,0.836,0.50,1.32e-4,false
25,0.4253,0.3133,0.0845,0.2782,0.2993,0.2984,0.577,0.317,0.835,0.50,1.11e-4,false
26,0.4916,0.3130,0.0843,0.2774,0.2993,0.2984,0.579,0.313,0.837,0.80,9.14e-5,false
27,0.4907,0.3124,0.0842,0.2770,0.2992,0.2984,0.577,0.315,0.838,0.80,7.32e-5,false

